"filename", "language", "JSON", "Markdown", "TypeScript", "JavaScript", "XML", "SCSS", "CSS", "HTML", "comment", "blank", "total"
"/home/bojan/codeStuff/MATURSKI2.0/frontend/HaveFun/README.md", "Markdown", 0, 14, 0, 0, 0, 0, 0, 0, 0, 14, 28
"/home/bojan/codeStuff/MATURSKI2.0/frontend/HaveFun/angular.json", "JSON", 109, 0, 0, 0, 0, 0, 0, 0, 19, 0, 128
"/home/bojan/codeStuff/MATURSKI2.0/frontend/HaveFun/e2e/protractor.conf.js", "JavaScript", 0, 0, 0, 24, 0, 0, 0, 0, 6, 2, 32
"/home/bojan/codeStuff/MATURSKI2.0/frontend/HaveFun/e2e/src/app.e2e-spec.ts", "TypeScript", 0, 0, 18, 0, 0, 0, 0, 0, 1, 5, 24
"/home/bojan/codeStuff/MATURSKI2.0/frontend/HaveFun/e2e/src/app.po.ts", "TypeScript", 0, 0, 9, 0, 0, 0, 0, 0, 0, 3, 12
"/home/bojan/codeStuff/MATURSKI2.0/frontend/HaveFun/e2e/tsconfig.json", "JSON", 13, 0, 0, 0, 0, 0, 0, 0, 0, 1, 14
"/home/bojan/codeStuff/MATURSKI2.0/frontend/HaveFun/firebase.json", "JSON", 7, 0, 0, 0, 0, 0, 0, 0, 10, 0, 17
"/home/bojan/codeStuff/MATURSKI2.0/frontend/HaveFun/karma.conf.js", "JavaScript", 0, 0, 0, 29, 0, 0, 0, 0, 2, 2, 33
"/home/bojan/codeStuff/MATURSKI2.0/frontend/HaveFun/package-lock.json", "JSON", 16704, 0, 0, 0, 0, 0, 0, 0, 0, 1, 16705
"/home/bojan/codeStuff/MATURSKI2.0/frontend/HaveFun/package.json", "JSON", 58, 0, 0, 0, 0, 0, 0, 0, 0, 1, 59
"/home/bojan/codeStuff/MATURSKI2.0/frontend/HaveFun/src/app/app-routing.module.ts", "TypeScript", 0, 0, 18, 0, 0, 0, 0, 0, 0, 4, 22
"/home/bojan/codeStuff/MATURSKI2.0/frontend/HaveFun/src/app/app.component.html", "HTML", 0, 0, 0, 0, 0, 0, 0, 2, 0, 0, 2
"/home/bojan/codeStuff/MATURSKI2.0/frontend/HaveFun/src/app/app.component.scss", "SCSS", 0, 0, 0, 0, 0, 0, 0, 0, 0, 1, 1
"/home/bojan/codeStuff/MATURSKI2.0/frontend/HaveFun/src/app/app.component.spec.ts", "TypeScript", 0, 0, 21, 0, 0, 0, 0, 0, 0, 3, 24
"/home/bojan/codeStuff/MATURSKI2.0/frontend/HaveFun/src/app/app.component.ts", "TypeScript", 0, 0, 31, 0, 0, 0, 0, 0, 0, 5, 36
"/home/bojan/codeStuff/MATURSKI2.0/frontend/HaveFun/src/app/app.module.ts", "TypeScript", 0, 0, 24, 0, 0, 0, 0, 0, 0, 3, 27
"/home/bojan/codeStuff/MATURSKI2.0/frontend/HaveFun/src/app/auth/auth-guard-online.service.ts", "TypeScript", 0, 0, 27, 0, 0, 0, 0, 0, 0, 6, 33
"/home/bojan/codeStuff/MATURSKI2.0/frontend/HaveFun/src/app/auth/auth.component.html", "HTML", 0, 0, 0, 0, 0, 0, 0, 28, 0, 0, 28
"/home/bojan/codeStuff/MATURSKI2.0/frontend/HaveFun/src/app/auth/auth.component.scss", "SCSS", 0, 0, 0, 0, 0, 0, 0, 0, 0, 1, 1
"/home/bojan/codeStuff/MATURSKI2.0/frontend/HaveFun/src/app/auth/auth.component.spec.ts", "TypeScript", 0, 0, 20, 0, 0, 0, 0, 0, 0, 6, 26
"/home/bojan/codeStuff/MATURSKI2.0/frontend/HaveFun/src/app/auth/auth.component.ts", "TypeScript", 0, 0, 11, 0, 0, 0, 0, 0, 0, 6, 17
"/home/bojan/codeStuff/MATURSKI2.0/frontend/HaveFun/src/app/auth/auth.module.ts", "TypeScript", 0, 0, 29, 0, 0, 0, 0, 0, 0, 4, 33
"/home/bojan/codeStuff/MATURSKI2.0/frontend/HaveFun/src/app/auth/auth.router.module.ts", "TypeScript", 0, 0, 26, 0, 0, 0, 0, 0, 0, 4, 30
"/home/bojan/codeStuff/MATURSKI2.0/frontend/HaveFun/src/app/auth/auth.service.ts", "TypeScript", 0, 0, 266, 0, 0, 0, 0, 0, 19, 34, 319
"/home/bojan/codeStuff/MATURSKI2.0/frontend/HaveFun/src/app/auth/authentification/authentification.component.html", "HTML", 0, 0, 0, 0, 0, 0, 0, 249, 14, 13, 276
"/home/bojan/codeStuff/MATURSKI2.0/frontend/HaveFun/src/app/auth/authentification/authentification.component.scss", "SCSS", 0, 0, 0, 0, 0, 19, 0, 0, 0, 5, 24
"/home/bojan/codeStuff/MATURSKI2.0/frontend/HaveFun/src/app/auth/authentification/authentification.component.ts", "TypeScript", 0, 0, 144, 0, 0, 0, 0, 0, 18, 34, 196
"/home/bojan/codeStuff/MATURSKI2.0/frontend/HaveFun/src/app/auth/forgotpassword/forgotpassword.component.html", "HTML", 0, 0, 0, 0, 0, 0, 0, 87, 0, 2, 89
"/home/bojan/codeStuff/MATURSKI2.0/frontend/HaveFun/src/app/auth/forgotpassword/forgotpassword.component.scss", "SCSS", 0, 0, 0, 0, 0, 10, 0, 0, 0, 3, 13
"/home/bojan/codeStuff/MATURSKI2.0/frontend/HaveFun/src/app/auth/forgotpassword/forgotpassword.component.spec.ts", "TypeScript", 0, 0, 20, 0, 0, 0, 0, 0, 0, 6, 26
"/home/bojan/codeStuff/MATURSKI2.0/frontend/HaveFun/src/app/auth/forgotpassword/forgotpassword.component.ts", "TypeScript", 0, 0, 84, 0, 0, 0, 0, 0, 2, 18, 104
"/home/bojan/codeStuff/MATURSKI2.0/frontend/HaveFun/src/app/auth/profile/profile.component.html", "HTML", 0, 0, 0, 0, 0, 0, 0, 219, 4, 4, 227
"/home/bojan/codeStuff/MATURSKI2.0/frontend/HaveFun/src/app/auth/profile/profile.component.scss", "SCSS", 0, 0, 0, 0, 0, 20, 0, 0, 0, 6, 26
"/home/bojan/codeStuff/MATURSKI2.0/frontend/HaveFun/src/app/auth/profile/profile.component.ts", "TypeScript", 0, 0, 114, 0, 0, 0, 0, 0, 0, 20, 134
"/home/bojan/codeStuff/MATURSKI2.0/frontend/HaveFun/src/app/auth/profileImage.model.ts", "TypeScript", 0, 0, 5, 0, 0, 0, 0, 0, 0, 1, 6
"/home/bojan/codeStuff/MATURSKI2.0/frontend/HaveFun/src/app/auth/signupwelcome-interceptor.service.ts", "TypeScript", 0, 0, 22, 0, 0, 0, 0, 0, 0, 4, 26
"/home/bojan/codeStuff/MATURSKI2.0/frontend/HaveFun/src/app/auth/signupwelcome/signupwelcome.component.html", "HTML", 0, 0, 0, 0, 0, 0, 0, 24, 0, 1, 25
"/home/bojan/codeStuff/MATURSKI2.0/frontend/HaveFun/src/app/auth/signupwelcome/signupwelcome.component.scss", "SCSS", 0, 0, 0, 0, 0, 3, 0, 0, 0, 0, 3
"/home/bojan/codeStuff/MATURSKI2.0/frontend/HaveFun/src/app/auth/signupwelcome/signupwelcome.component.ts", "TypeScript", 0, 0, 36, 0, 0, 0, 0, 0, 0, 4, 40
"/home/bojan/codeStuff/MATURSKI2.0/frontend/HaveFun/src/app/auth/user.model.ts", "TypeScript", 0, 0, 10, 0, 0, 0, 0, 0, 0, 2, 12
"/home/bojan/codeStuff/MATURSKI2.0/frontend/HaveFun/src/app/header/header.component.html", "HTML", 0, 0, 0, 0, 0, 0, 0, 84, 47, 10, 141
"/home/bojan/codeStuff/MATURSKI2.0/frontend/HaveFun/src/app/header/header.component.scss", "SCSS", 0, 0, 0, 0, 0, 24, 0, 0, 1, 12, 37
"/home/bojan/codeStuff/MATURSKI2.0/frontend/HaveFun/src/app/header/header.component.spec.ts", "TypeScript", 0, 0, 20, 0, 0, 0, 0, 0, 0, 6, 26
"/home/bojan/codeStuff/MATURSKI2.0/frontend/HaveFun/src/app/header/header.component.ts", "TypeScript", 0, 0, 46, 0, 0, 0, 0, 0, 1, 10, 57
"/home/bojan/codeStuff/MATURSKI2.0/frontend/HaveFun/src/app/posts/comment.model.ts", "TypeScript", 0, 0, 9, 0, 0, 0, 0, 0, 0, 1, 10
"/home/bojan/codeStuff/MATURSKI2.0/frontend/HaveFun/src/app/posts/comments.model.ts", "TypeScript", 0, 0, 8, 0, 0, 0, 0, 0, 0, 2, 10
"/home/bojan/codeStuff/MATURSKI2.0/frontend/HaveFun/src/app/posts/fresh/fresh.component.html", "HTML", 0, 0, 0, 0, 0, 0, 0, 37, 7, 1, 45
"/home/bojan/codeStuff/MATURSKI2.0/frontend/HaveFun/src/app/posts/fresh/fresh.component.scss", "SCSS", 0, 0, 0, 0, 0, 8, 0, 0, 0, 1, 9
"/home/bojan/codeStuff/MATURSKI2.0/frontend/HaveFun/src/app/posts/fresh/fresh.component.spec.ts", "TypeScript", 0, 0, 20, 0, 0, 0, 0, 0, 0, 6, 26
"/home/bojan/codeStuff/MATURSKI2.0/frontend/HaveFun/src/app/posts/fresh/fresh.component.ts", "TypeScript", 0, 0, 96, 0, 0, 0, 0, 0, 13, 19, 128
"/home/bojan/codeStuff/MATURSKI2.0/frontend/HaveFun/src/app/posts/fresh/freshComments/freshComment.component.html", "HTML", 0, 0, 0, 0, 0, 0, 0, 48, 0, 3, 51
"/home/bojan/codeStuff/MATURSKI2.0/frontend/HaveFun/src/app/posts/fresh/freshComments/freshComment.component.scss", "SCSS", 0, 0, 0, 0, 0, 17, 0, 0, 0, 2, 19
"/home/bojan/codeStuff/MATURSKI2.0/frontend/HaveFun/src/app/posts/fresh/freshComments/freshComment.component.ts", "TypeScript", 0, 0, 99, 0, 0, 0, 0, 0, 12, 15, 126
"/home/bojan/codeStuff/MATURSKI2.0/frontend/HaveFun/src/app/posts/image.model.ts", "TypeScript", 0, 0, 13, 0, 0, 0, 0, 0, 0, 1, 14
"/home/bojan/codeStuff/MATURSKI2.0/frontend/HaveFun/src/app/posts/new/new.component.html", "HTML", 0, 0, 0, 0, 0, 0, 0, 52, 2, 5, 59
"/home/bojan/codeStuff/MATURSKI2.0/frontend/HaveFun/src/app/posts/new/new.component.scss", "SCSS", 0, 0, 0, 0, 0, 10, 0, 0, 3, 6, 19
"/home/bojan/codeStuff/MATURSKI2.0/frontend/HaveFun/src/app/posts/new/new.component.ts", "TypeScript", 0, 0, 47, 0, 0, 0, 0, 0, 19, 16, 82
"/home/bojan/codeStuff/MATURSKI2.0/frontend/HaveFun/src/app/posts/popular/popular.component.html", "HTML", 0, 0, 0, 0, 0, 0, 0, 1, 0, 1, 2
"/home/bojan/codeStuff/MATURSKI2.0/frontend/HaveFun/src/app/posts/popular/popular.component.scss", "SCSS", 0, 0, 0, 0, 0, 0, 0, 0, 0, 1, 1
"/home/bojan/codeStuff/MATURSKI2.0/frontend/HaveFun/src/app/posts/popular/popular.component.spec.ts", "TypeScript", 0, 0, 20, 0, 0, 0, 0, 0, 0, 6, 26
"/home/bojan/codeStuff/MATURSKI2.0/frontend/HaveFun/src/app/posts/popular/popular.component.ts", "TypeScript", 0, 0, 11, 0, 0, 0, 0, 0, 0, 5, 16
"/home/bojan/codeStuff/MATURSKI2.0/frontend/HaveFun/src/app/posts/post.model.ts", "TypeScript", 0, 0, 31, 0, 0, 0, 0, 0, 0, 3, 34
"/home/bojan/codeStuff/MATURSKI2.0/frontend/HaveFun/src/app/posts/posts.component.html", "HTML", 0, 0, 0, 0, 0, 0, 0, 1, 27, 0, 28
"/home/bojan/codeStuff/MATURSKI2.0/frontend/HaveFun/src/app/posts/posts.component.scss", "SCSS", 0, 0, 0, 0, 0, 0, 0, 0, 0, 1, 1
"/home/bojan/codeStuff/MATURSKI2.0/frontend/HaveFun/src/app/posts/posts.component.spec.ts", "TypeScript", 0, 0, 20, 0, 0, 0, 0, 0, 0, 6, 26
"/home/bojan/codeStuff/MATURSKI2.0/frontend/HaveFun/src/app/posts/posts.component.ts", "TypeScript", 0, 0, 12, 0, 0, 0, 0, 0, 0, 6, 18
"/home/bojan/codeStuff/MATURSKI2.0/frontend/HaveFun/src/app/posts/posts.module.ts", "TypeScript", 0, 0, 35, 0, 0, 0, 0, 0, 0, 5, 40
"/home/bojan/codeStuff/MATURSKI2.0/frontend/HaveFun/src/app/posts/posts.router.module.ts", "TypeScript", 0, 0, 27, 0, 0, 0, 0, 0, 0, 5, 32
"/home/bojan/codeStuff/MATURSKI2.0/frontend/HaveFun/src/app/posts/posts.service.ts", "TypeScript", 0, 0, 161, 0, 0, 0, 0, 0, 9, 33, 203
"/home/bojan/codeStuff/MATURSKI2.0/frontend/HaveFun/src/app/posts/trending/trending.component.html", "HTML", 0, 0, 0, 0, 0, 0, 0, 37, 7, 1, 45
"/home/bojan/codeStuff/MATURSKI2.0/frontend/HaveFun/src/app/posts/trending/trending.component.scss", "SCSS", 0, 0, 0, 0, 0, 0, 0, 0, 0, 1, 1
"/home/bojan/codeStuff/MATURSKI2.0/frontend/HaveFun/src/app/posts/trending/trending.component.spec.ts", "TypeScript", 0, 0, 20, 0, 0, 0, 0, 0, 0, 6, 26
"/home/bojan/codeStuff/MATURSKI2.0/frontend/HaveFun/src/app/posts/trending/trending.component.ts", "TypeScript", 0, 0, 96, 0, 0, 0, 0, 0, 13, 15, 124
"/home/bojan/codeStuff/MATURSKI2.0/frontend/HaveFun/src/app/posts/trending/trendingComments/trending.component.html", "HTML", 0, 0, 0, 0, 0, 0, 0, 46, 0, 1, 47
"/home/bojan/codeStuff/MATURSKI2.0/frontend/HaveFun/src/app/posts/trending/trendingComments/trending.component.scss", "SCSS", 0, 0, 0, 0, 0, 17, 0, 0, 0, 2, 19
"/home/bojan/codeStuff/MATURSKI2.0/frontend/HaveFun/src/app/posts/trending/trendingComments/trending.component.ts", "TypeScript", 0, 0, 100, 0, 0, 0, 0, 0, 12, 14, 126
"/home/bojan/codeStuff/MATURSKI2.0/frontend/HaveFun/src/app/posts/whoUpvoted.model.ts", "TypeScript", 0, 0, 7, 0, 0, 0, 0, 0, 0, 1, 8
"/home/bojan/codeStuff/MATURSKI2.0/frontend/HaveFun/src/app/shared/confirmEqualValidator.directive.ts", "TypeScript", 0, 0, 20, 0, 0, 0, 0, 0, 1, 4, 25
"/home/bojan/codeStuff/MATURSKI2.0/frontend/HaveFun/src/app/shared/dateAgo.pipe.ts", "TypeScript", 0, 0, 36, 0, 0, 0, 0, 0, 1, 4, 41
"/home/bojan/codeStuff/MATURSKI2.0/frontend/HaveFun/src/app/shared/loading-spiner/loading-spinner.component.css", "CSS", 0, 0, 0, 0, 0, 0, 84, 0, 0, 0, 84
"/home/bojan/codeStuff/MATURSKI2.0/frontend/HaveFun/src/app/shared/loading-spiner/loading-spinner.component.ts", "TypeScript", 0, 0, 8, 0, 0, 0, 0, 0, 0, 4, 12
"/home/bojan/codeStuff/MATURSKI2.0/frontend/HaveFun/src/app/shared/shared.module.ts", "TypeScript", 0, 0, 23, 0, 0, 0, 0, 0, 0, 6, 29
"/home/bojan/codeStuff/MATURSKI2.0/frontend/HaveFun/src/assets/paperKit2/CHANGELOG.md", "Markdown", 0, 50, 0, 0, 0, 0, 0, 0, 0, 10, 60
"/home/bojan/codeStuff/MATURSKI2.0/frontend/HaveFun/src/assets/paperKit2/ISSUE_TEMPLATE.md", "Markdown", 0, 0, 0, 0, 0, 0, 0, 0, 12, 2, 14
"/home/bojan/codeStuff/MATURSKI2.0/frontend/HaveFun/src/assets/paperKit2/README.md", "Markdown", 0, 111, 0, 0, 0, 0, 0, 0, 0, 43, 154
"/home/bojan/codeStuff/MATURSKI2.0/frontend/HaveFun/src/assets/paperKit2/assets/css/bootstrap.min.css", "CSS", 0, 0, 0, 0, 0, 0, 1, 0, 6, 1, 8
"/home/bojan/codeStuff/MATURSKI2.0/frontend/HaveFun/src/assets/paperKit2/assets/css/paper-kit.css", "CSS", 0, 0, 0, 0, 0, 0, 6975, 0, 86, 1126, 8187
"/home/bojan/codeStuff/MATURSKI2.0/frontend/HaveFun/src/assets/paperKit2/assets/css/paper-kit.min.css", "CSS", 0, 0, 0, 0, 0, 0, 2, 0, 19, 1, 22
"/home/bojan/codeStuff/MATURSKI2.0/frontend/HaveFun/src/assets/paperKit2/assets/demo/demo.css", "CSS", 0, 0, 0, 0, 0, 0, 492, 0, 21, 112, 625
"/home/bojan/codeStuff/MATURSKI2.0/frontend/HaveFun/src/assets/paperKit2/assets/img/nucleo-logo.svg", "XML", 0, 0, 0, 0, 17, 0, 0, 0, 1, 1, 19
"/home/bojan/codeStuff/MATURSKI2.0/frontend/HaveFun/src/assets/paperKit2/assets/js/core/bootstrap.min.js", "JavaScript", 0, 0, 0, 1, 0, 0, 0, 0, 6, 1, 8
"/home/bojan/codeStuff/MATURSKI2.0/frontend/HaveFun/src/assets/paperKit2/assets/js/core/jquery.min.js", "JavaScript", 0, 0, 0, 3, 0, 0, 0, 0, 1, 1, 5
"/home/bojan/codeStuff/MATURSKI2.0/frontend/HaveFun/src/assets/paperKit2/assets/js/core/popper.min.js", "JavaScript", 0, 0, 0, 1, 0, 0, 0, 0, 3, 1, 5
"/home/bojan/codeStuff/MATURSKI2.0/frontend/HaveFun/src/assets/paperKit2/assets/js/paper-kit.js", "JavaScript", 0, 0, 0, 218, 0, 0, 0, 0, 38, 44, 300
"/home/bojan/codeStuff/MATURSKI2.0/frontend/HaveFun/src/assets/paperKit2/assets/js/paper-kit.min.js", "JavaScript", 0, 0, 0, 1, 0, 0, 0, 0, 17, 2, 20
"/home/bojan/codeStuff/MATURSKI2.0/frontend/HaveFun/src/assets/paperKit2/assets/js/plugins/bootstrap-datepicker.js", "JavaScript", 0, 0, 0, 2187, 0, 0, 0, 0, 195, 325, 2707
"/home/bojan/codeStuff/MATURSKI2.0/frontend/HaveFun/src/assets/paperKit2/assets/js/plugins/bootstrap-switch.js", "JavaScript", 0, 0, 0, 737, 0, 0, 0, 0, 8, 41, 786
"/home/bojan/codeStuff/MATURSKI2.0/frontend/HaveFun/src/assets/paperKit2/assets/js/plugins/moment.min.js", "JavaScript", 0, 0, 0, 2, 0, 0, 0, 0, 5, 0, 7
"/home/bojan/codeStuff/MATURSKI2.0/frontend/HaveFun/src/assets/paperKit2/assets/js/plugins/nouislider.min.js", "JavaScript", 0, 0, 0, 1, 0, 0, 0, 0, 1, 1, 3
"/home/bojan/codeStuff/MATURSKI2.0/frontend/HaveFun/src/assets/paperKit2/assets/scss/paper-kit.scss", "SCSS", 0, 0, 0, 0, 0, 33, 0, 0, 21, 9, 63
"/home/bojan/codeStuff/MATURSKI2.0/frontend/HaveFun/src/assets/paperKit2/assets/scss/paper-kit/_alerts.scss", "SCSS", 0, 0, 0, 0, 0, 58, 0, 0, 0, 4, 62
"/home/bojan/codeStuff/MATURSKI2.0/frontend/HaveFun/src/assets/paperKit2/assets/scss/paper-kit/_badges.scss", "SCSS", 0, 0, 0, 0, 0, 34, 0, 0, 1, 2, 37
"/home/bojan/codeStuff/MATURSKI2.0/frontend/HaveFun/src/assets/paperKit2/assets/scss/paper-kit/_buttons.scss", "SCSS", 0, 0, 0, 0, 0, 203, 0, 0, 1, 25, 229
"/home/bojan/codeStuff/MATURSKI2.0/frontend/HaveFun/src/assets/paperKit2/assets/scss/paper-kit/_cards.scss", "SCSS", 0, 0, 0, 0, 0, 474, 0, 0, 0, 81, 555
"/home/bojan/codeStuff/MATURSKI2.0/frontend/HaveFun/src/assets/paperKit2/assets/scss/paper-kit/_carousel.scss", "SCSS", 0, 0, 0, 0, 0, 85, 0, 0, 0, 6, 91
"/home/bojan/codeStuff/MATURSKI2.0/frontend/HaveFun/src/assets/paperKit2/assets/scss/paper-kit/_checkbox-radio.scss", "SCSS", 0, 0, 0, 0, 0, 124, 0, 0, 0, 19, 143
"/home/bojan/codeStuff/MATURSKI2.0/frontend/HaveFun/src/assets/paperKit2/assets/scss/paper-kit/_dropdown.scss", "SCSS", 0, 0, 0, 0, 0, 143, 0, 0, 1, 25, 169
"/home/bojan/codeStuff/MATURSKI2.0/frontend/HaveFun/src/assets/paperKit2/assets/scss/paper-kit/_examples.scss", "SCSS", 0, 0, 0, 0, 0, 246, 0, 0, 1, 19, 266
"/home/bojan/codeStuff/MATURSKI2.0/frontend/HaveFun/src/assets/paperKit2/assets/scss/paper-kit/_footers.scss", "SCSS", 0, 0, 0, 0, 0, 123, 0, 0, 0, 9, 132
"/home/bojan/codeStuff/MATURSKI2.0/frontend/HaveFun/src/assets/paperKit2/assets/scss/paper-kit/_headers.scss", "SCSS", 0, 0, 0, 0, 0, 145, 0, 0, 1, 17, 163
"/home/bojan/codeStuff/MATURSKI2.0/frontend/HaveFun/src/assets/paperKit2/assets/scss/paper-kit/_icons.scss", "SCSS", 0, 0, 0, 0, 0, 107, 0, 0, 0, 5, 112
"/home/bojan/codeStuff/MATURSKI2.0/frontend/HaveFun/src/assets/paperKit2/assets/scss/paper-kit/_images.scss", "SCSS", 0, 0, 0, 0, 0, 65, 0, 0, 0, 2, 67
"/home/bojan/codeStuff/MATURSKI2.0/frontend/HaveFun/src/assets/paperKit2/assets/scss/paper-kit/_inputs.scss", "SCSS", 0, 0, 0, 0, 0, 175, 0, 0, 0, 27, 202
"/home/bojan/codeStuff/MATURSKI2.0/frontend/HaveFun/src/assets/paperKit2/assets/scss/paper-kit/_labels.scss", "SCSS", 0, 0, 0, 0, 0, 29, 0, 0, 1, 1, 31
"/home/bojan/codeStuff/MATURSKI2.0/frontend/HaveFun/src/assets/paperKit2/assets/scss/paper-kit/_misc.scss", "SCSS", 0, 0, 0, 0, 0, 180, 0, 0, 6, 24, 210
"/home/bojan/codeStuff/MATURSKI2.0/frontend/HaveFun/src/assets/paperKit2/assets/scss/paper-kit/_mixins.scss", "SCSS", 0, 0, 0, 0, 0, 9, 0, 0, 2, 4, 15
"/home/bojan/codeStuff/MATURSKI2.0/frontend/HaveFun/src/assets/paperKit2/assets/scss/paper-kit/_modal.scss", "SCSS", 0, 0, 0, 0, 0, 84, 0, 0, 1, 7, 92
"/home/bojan/codeStuff/MATURSKI2.0/frontend/HaveFun/src/assets/paperKit2/assets/scss/paper-kit/_navbars.scss", "SCSS", 0, 0, 0, 0, 0, 259, 0, 0, 0, 21, 280
"/home/bojan/codeStuff/MATURSKI2.0/frontend/HaveFun/src/assets/paperKit2/assets/scss/paper-kit/_nucleo-icons.scss", "SCSS", 0, 0, 0, 0, 0, 435, 0, 0, 29, 103, 567
"/home/bojan/codeStuff/MATURSKI2.0/frontend/HaveFun/src/assets/paperKit2/assets/scss/paper-kit/_nucleo-outline.scss", "SCSS", 0, 0, 0, 0, 0, 435, 0, 0, 29, 103, 567
"/home/bojan/codeStuff/MATURSKI2.0/frontend/HaveFun/src/assets/paperKit2/assets/scss/paper-kit/_pagination.scss", "SCSS", 0, 0, 0, 0, 0, 295, 0, 0, 1, 24, 320
"/home/bojan/codeStuff/MATURSKI2.0/frontend/HaveFun/src/assets/paperKit2/assets/scss/paper-kit/_progress-bars.scss", "SCSS", 0, 0, 0, 0, 0, 27, 0, 0, 0, 0, 27
"/home/bojan/codeStuff/MATURSKI2.0/frontend/HaveFun/src/assets/paperKit2/assets/scss/paper-kit/_responsive.scss", "SCSS", 0, 0, 0, 0, 0, 908, 0, 0, 3, 78, 989
"/home/bojan/codeStuff/MATURSKI2.0/frontend/HaveFun/src/assets/paperKit2/assets/scss/paper-kit/_sections.scss", "SCSS", 0, 0, 0, 0, 0, 129, 0, 0, 1, 8, 138
"/home/bojan/codeStuff/MATURSKI2.0/frontend/HaveFun/src/assets/paperKit2/assets/scss/paper-kit/_sidebar.scss", "SCSS", 0, 0, 0, 0, 0, 184, 0, 0, 0, 24, 208
"/home/bojan/codeStuff/MATURSKI2.0/frontend/HaveFun/src/assets/paperKit2/assets/scss/paper-kit/_sliders.scss", "SCSS", 0, 0, 0, 0, 0, 140, 0, 0, 0, 21, 161
"/home/bojan/codeStuff/MATURSKI2.0/frontend/HaveFun/src/assets/paperKit2/assets/scss/paper-kit/_social-buttons.scss", "SCSS", 0, 0, 0, 0, 0, 64, 0, 0, 0, 8, 72
"/home/bojan/codeStuff/MATURSKI2.0/frontend/HaveFun/src/assets/paperKit2/assets/scss/paper-kit/_switch.scss", "SCSS", 0, 0, 0, 0, 0, 132, 0, 0, 8, 6, 146
"/home/bojan/codeStuff/MATURSKI2.0/frontend/HaveFun/src/assets/paperKit2/assets/scss/paper-kit/_tabs-navs.scss", "SCSS", 0, 0, 0, 0, 0, 197, 0, 0, 4, 12, 213
"/home/bojan/codeStuff/MATURSKI2.0/frontend/HaveFun/src/assets/paperKit2/assets/scss/paper-kit/_tags.scss", "SCSS", 0, 0, 0, 0, 0, 95, 0, 0, 4, 15, 114
"/home/bojan/codeStuff/MATURSKI2.0/frontend/HaveFun/src/assets/paperKit2/assets/scss/paper-kit/_tooltips-and-popovers.scss", "SCSS", 0, 0, 0, 0, 0, 238, 0, 0, 6, 23, 267
"/home/bojan/codeStuff/MATURSKI2.0/frontend/HaveFun/src/assets/paperKit2/assets/scss/paper-kit/_typography.scss", "SCSS", 0, 0, 0, 0, 0, 125, 0, 0, 2, 8, 135
"/home/bojan/codeStuff/MATURSKI2.0/frontend/HaveFun/src/assets/paperKit2/assets/scss/paper-kit/_variables.scss", "SCSS", 0, 0, 0, 0, 0, 219, 0, 0, 9, 92, 320
"/home/bojan/codeStuff/MATURSKI2.0/frontend/HaveFun/src/assets/paperKit2/assets/scss/paper-kit/cards/_card-plain.scss", "SCSS", 0, 0, 0, 0, 0, 12, 0, 0, 0, 3, 15
"/home/bojan/codeStuff/MATURSKI2.0/frontend/HaveFun/src/assets/paperKit2/assets/scss/paper-kit/cards/_card-profile.scss", "SCSS", 0, 0, 0, 0, 0, 37, 0, 0, 0, 7, 44
"/home/bojan/codeStuff/MATURSKI2.0/frontend/HaveFun/src/assets/paperKit2/assets/scss/paper-kit/cards/_card-register.scss", "SCSS", 0, 0, 0, 0, 0, 25, 0, 0, 0, 3, 28
"/home/bojan/codeStuff/MATURSKI2.0/frontend/HaveFun/src/assets/paperKit2/assets/scss/paper-kit/mixins/_alerts.scss", "SCSS", 0, 0, 0, 0, 0, 11, 0, 0, 0, 0, 11
"/home/bojan/codeStuff/MATURSKI2.0/frontend/HaveFun/src/assets/paperKit2/assets/scss/paper-kit/mixins/_buttons.scss", "SCSS", 0, 0, 0, 0, 0, 102, 0, 0, 1, 15, 118
"/home/bojan/codeStuff/MATURSKI2.0/frontend/HaveFun/src/assets/paperKit2/assets/scss/paper-kit/mixins/_inputs.scss", "SCSS", 0, 0, 0, 0, 0, 18, 0, 0, 0, 4, 22
"/home/bojan/codeStuff/MATURSKI2.0/frontend/HaveFun/src/assets/paperKit2/assets/scss/paper-kit/mixins/_labels.scss", "SCSS", 0, 0, 0, 0, 0, 20, 0, 0, 0, 1, 21
"/home/bojan/codeStuff/MATURSKI2.0/frontend/HaveFun/src/assets/paperKit2/assets/scss/paper-kit/mixins/_navbars.scss", "SCSS", 0, 0, 0, 0, 0, 10, 0, 0, 0, 1, 11
"/home/bojan/codeStuff/MATURSKI2.0/frontend/HaveFun/src/assets/paperKit2/assets/scss/paper-kit/mixins/_popovers.scss", "SCSS", 0, 0, 0, 0, 0, 20, 0, 0, 0, 2, 22
"/home/bojan/codeStuff/MATURSKI2.0/frontend/HaveFun/src/assets/paperKit2/assets/scss/paper-kit/mixins/_tabs.scss", "SCSS", 0, 0, 0, 0, 0, 4, 0, 0, 0, 0, 4
"/home/bojan/codeStuff/MATURSKI2.0/frontend/HaveFun/src/assets/paperKit2/assets/scss/paper-kit/mixins/_transparency.scss", "SCSS", 0, 0, 0, 0, 0, 16, 0, 0, 2, 2, 20
"/home/bojan/codeStuff/MATURSKI2.0/frontend/HaveFun/src/assets/paperKit2/assets/scss/paper-kit/mixins/_vendor-prefixes.scss", "SCSS", 0, 0, 0, 0, 0, 215, 0, 0, 6, 31, 252
"/home/bojan/codeStuff/MATURSKI2.0/frontend/HaveFun/src/assets/paperKit2/assets/scss/paper-kit/plugins/_plugin-bootstrap-switch.scss", "SCSS", 0, 0, 0, 0, 0, 226, 0, 0, 8, 41, 275
"/home/bojan/codeStuff/MATURSKI2.0/frontend/HaveFun/src/assets/paperKit2/assets/scss/paper-kit/plugins/_plugin-datepicker.scss", "SCSS", 0, 0, 0, 0, 0, 374, 0, 0, 5, 8, 387
"/home/bojan/codeStuff/MATURSKI2.0/frontend/HaveFun/src/assets/paperKit2/assets/scss/paper-kit/plugins/_plugin-nouislider.scss", "SCSS", 0, 0, 0, 0, 0, 165, 0, 0, 15, 19, 199
"/home/bojan/codeStuff/MATURSKI2.0/frontend/HaveFun/src/assets/paperKit2/assets/scss/paper-kit/plugins/_plugin-perfect-scrollbar.scss", "SCSS", 0, 0, 0, 0, 0, 104, 0, 0, 9, 1, 114
"/home/bojan/codeStuff/MATURSKI2.0/frontend/HaveFun/src/assets/paperKit2/gulpfile.js", "JavaScript", 0, 0, 0, 29, 0, 0, 0, 0, 0, 5, 34
"/home/bojan/codeStuff/MATURSKI2.0/frontend/HaveFun/src/assets/paperKit2/index.html", "HTML", 0, 0, 0, 0, 0, 0, 0, 1147, 28, 11, 1186
"/home/bojan/codeStuff/MATURSKI2.0/frontend/HaveFun/src/assets/paperKit2/nucleo-icons.html", "HTML", 0, 0, 0, 0, 0, 0, 0, 470, 15, 10, 495
"/home/bojan/codeStuff/MATURSKI2.0/frontend/HaveFun/src/assets/paperKit2/package.json", "JSON", 17, 0, 0, 0, 0, 0, 0, 0, 0, 1, 18
"/home/bojan/codeStuff/MATURSKI2.0/frontend/HaveFun/src/environments/environment.prod.ts", "TypeScript", 0, 0, 4, 0, 0, 0, 0, 0, 0, 1, 5
"/home/bojan/codeStuff/MATURSKI2.0/frontend/HaveFun/src/environments/environment.ts", "TypeScript", 0, 0, 4, 0, 0, 0, 0, 0, 11, 3, 18
"/home/bojan/codeStuff/MATURSKI2.0/frontend/HaveFun/src/index.html", "HTML", 0, 0, 0, 0, 0, 0, 0, 29, 7, 11, 47
"/home/bojan/codeStuff/MATURSKI2.0/frontend/HaveFun/src/main.ts", "TypeScript", 0, 0, 9, 0, 0, 0, 0, 0, 0, 4, 13
"/home/bojan/codeStuff/MATURSKI2.0/frontend/HaveFun/src/polyfills.ts", "TypeScript", 0, 0, 1, 0, 0, 0, 0, 0, 55, 8, 64
"/home/bojan/codeStuff/MATURSKI2.0/frontend/HaveFun/src/styles.scss", "SCSS", 0, 0, 0, 0, 0, 9, 0, 0, 15, 9, 33
"/home/bojan/codeStuff/MATURSKI2.0/frontend/HaveFun/src/test.ts", "TypeScript", 0, 0, 13, 0, 0, 0, 0, 0, 4, 4, 21
"/home/bojan/codeStuff/MATURSKI2.0/frontend/HaveFun/tsconfig.app.json", "JSON", 18, 0, 0, 0, 0, 0, 0, 0, 0, 1, 19
"/home/bojan/codeStuff/MATURSKI2.0/frontend/HaveFun/tsconfig.json", "JSON", 26, 0, 0, 0, 0, 0, 0, 0, 0, 1, 27
"/home/bojan/codeStuff/MATURSKI2.0/frontend/HaveFun/tsconfig.spec.json", "JSON", 18, 0, 0, 0, 0, 0, 0, 0, 0, 1, 19
"/home/bojan/codeStuff/MATURSKI2.0/frontend/HaveFun/tslint.json", "JSON", 96, 0, 0, 0, 0, 0, 0, 0, 0, 0, 96
"Total", "-", 17066, 175, 1951, 3233, 17, 7695, 7554, 2561, 1002, 3228, 44482